date,time,platform,pillar,caption,hashtags,cta,image,geo
2026-09-15,10:00,gbp,storm-response,"Booking free roof inspections across Plano this week. If a recent North Texas storm rolled through your street, a quick look now can catch hail bruising before it turns into a leak. Family-run and roofing Plano homes since 2000.",,Contact Us via the site to book your free inspection,../assets/img/home-storm.webp,Plano TX
2026-09-15,12:00,facebook,seasonal,"North Texas neighbors, hail season has a way of sneaking up on us. Even a storm that felt minor can leave dents and lifted shingles you cannot spot from the ground. We have been climbing Plano roofs since 2000, and a free inspection is the easiest way to know where you stand. What part of town saw the worst of the last round?

#Plano #NorthTexas",#Plano #NorthTexas,Contact Us via the site to schedule a free roof check,../assets/img/home-storm.webp,Plano TX
2026-09-16,11:00,instagram,before-after,"From weathered to weather-ready. Swipe to see a Plano roof go from storm-worn to solid. Same house, brand new peace of mind. Family-run since 2000.

#Plano #PlanoTX #PlanoRoofing #RoofReplacement #BeforeAndAfter #NorthTexas #HailDamage #RoofingLife #CurbAppeal #DFW",#Plano #PlanoTX #PlanoRoofing #RoofReplacement #BeforeAndAfter #NorthTexas #HailDamage #RoofingLife #CurbAppeal #DFW,Contact Us via the site for a free inspection,../assets/img/siding-after.jpg,Plano TX
2026-09-17,09:00,nextdoor,education,"Neighborly tip for anyone unsure whether the last storm did any harm: check your gutters for shingle granules that look like coarse black sand. A lot of them usually means your shingles took a beating up top. Happy to answer questions, we are a family-run Plano roofer and have been at this since 2000.",,Contact Us via the site if you want a free look,../assets/img/home-inspection.webp,Plano TX
2026-09-18,10:00,gbp,trust,"Proudly serving Plano, Allen, McKinney, Frisco, Wylie, and Richardson. When you call a family-run roofer, you get the same people every visit. That is how we have worked since 2000.",,Contact Us via the site to get started,../assets/img/about-crew.jpg,Plano TX
2026-09-19,17:00,instagram,education,"Hail does not always crack a shingle. Sometimes it just knocks the protective granules loose and quietly shortens your roof's life. Knowing the difference is half the job.

#Plano #PlanoTX #Roofing #HailDamage #RoofRepair #NorthTexas #Shingles #HomeMaintenance #DFW #RoofCare",#Plano #PlanoTX #Roofing #HailDamage #RoofRepair #NorthTexas #Shingles #HomeMaintenance #DFW #RoofCare,Contact Us via the site for a free inspection,../assets/img/svc-inspection.jpg,Plano TX
2026-09-20,18:00,facebook,trust,"Some roofing companies rotate through crews and phone numbers every year. We are not one of them. Jackson Roofing is family-run, owned by Chris Jackson, and has been putting good roofs over Plano families since 2000. When you reach out, you are talking to the same people who will still be here next season. Who did your last roof, and would you call them again?

#Plano #FamilyOwned",#Plano #FamilyOwned,Contact Us via the site anytime,../assets/img/jackson-truck.jpg,Plano TX
2026-09-21,10:00,nextdoor,community,"Happy Sunday, Plano. If a neighbor mentions their ceiling is showing a water stain after the recent weather, point them our way. We are a family-run local roofer and always glad to take a free look before a small spot becomes a big repair.",,Contact Us via the site for a free inspection,../assets/img/g-vanalstyne.jpg,Plano TX
2026-09-22,10:00,gbp,storm-response,"Frisco and McKinney homeowners, we have inspection slots open this week. If wind or hail hit your area, a free roof check tells you whether you are fine or facing a claim. Family-run since 2000.",,Contact Us via the site to grab a slot,../assets/img/svc-storm.webp,Plano TX
2026-09-23,11:00,instagram,before-after,"Curb appeal upgrade, unlocked. A fresh roof does more than keep the rain out, it changes how the whole house reads from the street. This one is in Allen.

#Allen #AllenTX #Roofing #RoofReplacement #BeforeAndAfter #NorthTexas #CurbAppeal #PlanoRoofing #DFW #HomeUpgrade",#Allen #AllenTX #Roofing #RoofReplacement #BeforeAndAfter #NorthTexas #CurbAppeal #PlanoRoofing #DFW #HomeUpgrade,Contact Us via the site for a free inspection,../assets/img/roof-4.webp,Plano TX
2026-09-24,12:00,facebook,community,"Quick one for our North Texas neighbors: how old is your roof? A lot of folks honestly are not sure, and that is completely normal. If it has been on the house longer than you have owned it, a free inspection is a smart way to plan ahead before hail season peaks. Drop a guess below.

#Plano #NorthTexas",#Plano #NorthTexas,Contact Us via the site to book a free check,../assets/img/house-brick.jpg,Plano TX
2026-09-25,09:00,nextdoor,education,"For the Wylie and Richardson neighbors: after a windy stretch, walk your yard and look for shingle pieces or exposed nail heads on the ground. Those are easy signs something shifted up top. We are a family-run Plano roofer and glad to help you sort out whether it is worth a closer look.",,Contact Us via the site for a free inspection,../assets/img/roof-detail.webp,Plano TX
2026-09-26,10:00,gbp,reviews,"The best part of a family-run roof job is the thank you at the end. Plano homeowners keep sending us their neighbors because we show up on time, explain the work plainly, and stand behind it. Roofing this community since 2000.",,Contact Us via the site to see how we work,../assets/img/about-crew.jpg,Plano TX
2026-09-27,17:00,instagram,trust,"No pressure, no runaround. We climb up, take photos, and walk you through exactly what we see. You decide from there. That is roofing done the family-run way.

#Plano #PlanoTX #Roofing #FamilyOwned #RoofInspection #NorthTexas #HonestWork #DFW #Shingles #HomeCare",#Plano #PlanoTX #Roofing #FamilyOwned #RoofInspection #NorthTexas #HonestWork #DFW #Shingles #HomeCare,Contact Us via the site for a free inspection,../assets/img/crew-work.jpg,Plano TX
2026-09-28,18:00,facebook,before-after,"This McKinney roof had quietly taken years of North Texas sun and hail. The homeowners were not sure it was time yet, so we walked them through the photos and let them decide. A week later, here is the result. Which look do you prefer, the before or the after?

#McKinney #Roofing",#McKinney #Roofing,Contact Us via the site for a free inspection,../assets/img/g-4998.jpg,Plano TX
2026-09-29,10:00,gbp,seasonal,"Fall is the smart time to get ahead of roof issues in Plano. Cooler days make for clean inspections, and any repair is easier before winter weather arrives. Book a free check with a family-run team that has roofed here since 2000.",,Contact Us via the site to schedule,../assets/img/home-repair.webp,Plano TX
2026-09-30,11:00,instagram,education,"Your attic tells on your roof. Daylight through the boards or a musty smell after rain usually means water is finding a way in. Catch it early and the fix stays small.

#Plano #PlanoTX #Roofing #RoofLeak #HomeMaintenance #NorthTexas #RoofRepair #DFW #AtticCheck #Homeowner",#Plano #PlanoTX #Roofing #RoofLeak #HomeMaintenance #NorthTexas #RoofRepair #DFW #AtticCheck #Homeowner,Contact Us via the site for a free inspection,../assets/img/home-repair.webp,Plano TX
2026-10-01,09:00,nextdoor,seasonal,"Richardson neighbors, now is a good stretch to clear leaves and debris off the roof valleys before they trap water. If you would rather not climb up there, we are a family-run local roofer and happy to take a look while we are at it. No hard sell.",,Contact Us via the site if you want a hand,../assets/img/roof-4.webp,Plano TX
2026-10-02,12:00,facebook,storm-response,"When a storm blows through North Texas, the phone lines fill up fast with out-of-town crews. We are the opposite of that. Jackson Roofing lives here, works here, and has since 2000. If your Plano area home took a hit, reach out and we will get you on the schedule for a free inspection. Anyone still cleaning up branches from the last one?

#Plano #NorthTexas",#Plano #NorthTexas,Contact Us via the site to book your inspection,../assets/img/roof-detail.webp,Plano TX
2026-10-03,10:00,gbp,before-after,"Another Plano roof brought back to life this week. Storm-worn shingles out, clean new roof on. Family-run craftsmanship since 2000.",,Contact Us via the site for a free inspection,../assets/img/g-0329.jpg,Plano TX
2026-10-04,17:00,instagram,community,"We do not just roof houses in Plano, we live under these same skies. When your roof holds through the next storm, that is a win for the whole street.

#Plano #PlanoTX #Roofing #Community #NorthTexas #FamilyOwned #LocalBusiness #DFW #Neighbors #Rooftops",#Plano #PlanoTX #Roofing #Community #NorthTexas #FamilyOwned #LocalBusiness #DFW #Neighbors #Rooftops,Contact Us via the site for a free inspection,../assets/img/home-commercial.jpg,Plano TX
2026-10-05,10:00,nextdoor,trust,"For the Frisco crowd deciding between roofers: ask whoever you call how long they have worked this area and whether the same people will be on your job start to finish. We are family-run, owned by Chris Jackson, and have answered yes to both since 2000. Glad to be a second opinion for anyone comparing quotes.",,Contact Us via the site for a free inspection,../assets/img/home-truck.jpg,Plano TX
2026-10-06,10:00,gbp,storm-response,"Allen homeowners, free roof inspections are open this week. If the last round of North Texas weather worries you, let a family-run team that has roofed here since 2000 take a look before it costs you more.",,Contact Us via the site to book,../assets/img/g-9349.jpg,Plano TX
2026-10-07,12:00,facebook,education,"Here is what a lot of North Texas homeowners miss: most storm damage is invisible from your driveway. Insurers usually want it documented soon after the weather event, so waiting can quietly cost you the claim. A free inspection gives you photos and a straight answer either way. We have walked Plano families through this since 2000. Questions welcome below.

#Plano #NorthTexas",#Plano #NorthTexas,Contact Us via the site for a free inspection,../assets/img/home-inspection.webp,Plano TX
2026-10-08,11:00,instagram,before-after,"Old and tired on the left, fresh and ready on the right. This Wylie roof was overdue and the homeowners felt the difference the first storm after.

#Wylie #WylieTX #Roofing #RoofReplacement #BeforeAndAfter #NorthTexas #PlanoRoofing #CurbAppeal #DFW #NewRoof",#Wylie #WylieTX #Roofing #RoofReplacement #BeforeAndAfter #NorthTexas #PlanoRoofing #CurbAppeal #DFW #NewRoof,Contact Us via the site for a free inspection,../assets/img/siding-after.jpg,Plano TX
2026-10-09,09:00,nextdoor,seasonal,"McKinney neighbors, as the weather cools it is worth checking that your attic vents are clear so moisture does not build up over winter. If you are not sure what to look for, ask away. We are a family-run Plano roofer and happy to point folks in the right direction.",,Contact Us via the site if you want a free look,../assets/img/svc-replacement.webp,Plano TX
2026-10-10,10:00,gbp,reviews,Word of mouth built this business. Plano families keep sending neighbors our way because we treat every roof like it is over our own kids. Family-run since 2000.,,Contact Us via the site to see how we work,../assets/img/crew-work.jpg,Plano TX
2026-10-11,17:00,instagram,seasonal,"Hail season is not over until it is over in North Texas. A little prep now beats a scramble later. Get your roof looked at while the weather is calm.

#Plano #PlanoTX #Roofing #HailSeason #NorthTexas #FallHomePrep #RoofInspection #DFW #Shingles #HomeCare",#Plano #PlanoTX #Roofing #HailSeason #NorthTexas #FallHomePrep #RoofInspection #DFW #Shingles #HomeCare,Contact Us via the site for a free inspection,../assets/img/home-storm.webp,Plano TX
2026-10-12,18:00,facebook,trust,"A roof is one of the biggest things protecting your family, so it should come from people you can actually reach. Jackson Roofing is family-run, owned by Chris Jackson, serving Plano, Allen, McKinney, Frisco, Wylie, and Richardson since 2000. When you are ready for a free inspection, we are a message away. Thanks for having us in the neighborhood.

#Plano #FamilyOwned",#Plano #FamilyOwned,Contact Us via the site anytime,../assets/img/about-crew.jpg,Plano TX
